,Mean Weights % Error,Std Weights % Error,Mean Biases % Error,Std Biases % Error
StudentUnderparam,8420.764923095703,158.21011066436768,600.4269599914551,81.05356097221375
StudentEqualparam,10609.455108642578,53.79486083984375,369.7413921356201,63.58427405357361
StudentOverparam,8620.012664794922,54.61806058883667,422.61977195739746,15.292100608348846
